77,Zorine,BMX,57
88,Spenser,BMX,63
75,Blayne,BMX,65
60,Sylvan,BMX,66
57,Kania,BMX,69
52,Hyacinthia,BMX,72
78,Fern,BMX,80
92,Keri,BMX,89
100,Violet,BMX,93
76,Becki,BMX,99
51,Falito,BMX,107
54,Gayler,BMX,112
98,Sancho,BMX,119
93,Richmound,MTB,67
58,Damara,MTB,78
59,Ellerey,MTB,78
62,Avis,MTB,88
79,Kalila,MTB,89
89,Rollins,MTB,90
94,Dorree,MTB,91
97,Christi,MTB,93
91,Buiron,MTB,98
68,Jobie,MTB,108
73,Giorgio,PASEO,52
96,Torie,PASEO,63
74,Karrah,PASEO,64
71,Lynea,PASEO,66
64,Rolph,PASEO,66
99,Somerset,PASEO,73
82,Lisa,PASEO,75
85,Laurens,PASEO,76
72,Henriette,PASEO,91
84,Shea,PASEO,92
63,Herrick,PASEO,99
80,Celle,PASEO,107
87,Izabel,PASEO,113
70,Jenda,PASEO,114
67,Buddie,PLAYERA,52
66,Jimmie,PLAYERA,52
90,Sol,PLAYERA,59
69,Lothario,PLAYERA,59
65,Kirbee,PLAYERA,63
83,Adams,PLAYERA,73
53,Mauricio,PLAYERA,73
56,Monique,PLAYERA,81
55,Warren,PLAYERA,86
81,Auberta,PLAYERA,87
95,Essie,PLAYERA,94
61,Shannon,PLAYERA,95
86,Alla,PLAYERA,112
